{"cameraMode":{"drawMode":0,"name":"Shaded","section":"Shading Mode"},"sceneLighting":true,"audioPlay":false,"sceneViewState":{"showFog":false,"showMaterialUpdate":false,"showSkybox":false,"showFlares":false,"showImageEffects":false,"showParticleSystems":false},"in2DMode":false,"pivot":{"x":-0.8521952629089356,"y":1.179079532623291,"z":-6.355062007904053},"rotation":{"x":-0.24421513080596925,"y":0.6288271546363831,"z":-0.2177170366048813,"w":-0.7053613066673279},"size":3.9879238605499269,"orthographic":false}