{"cameraMode":{"drawMode":0,"name":"Shaded","section":"Shading Mode"},"sceneLighting":false,"audioPlay":false,"sceneViewState":{"showFog":false,"showMaterialUpdate":false,"showSkybox":false,"showFlares":false,"showImageEffects":false,"showParticleSystems":false},"in2DMode":false,"pivot":{"x":0.17900000512599946,"y":-0.009999999776482582,"z":0.0},"rotation":{"x":-0.25955307483673098,"y":0.17892815172672273,"z":-0.04900210723280907,"w":-0.9477445483207703},"size":0.10883014649152756,"orthographic":false}